<?xml version="1.0" encoding="UTF-8" ?>
<beans xmlns="http://www.springframework.org/schema/beans" xmlns:xsi="http://www.w3.org/2001/XMLSchema-instance"
       xmlns:aop="http://www.springframework.org/schema/aop" xmlns:tx="http://www.springframework.org/schema/tx"
       xmlns:context="http://www.springframework.org/schema/context"
       xsi:schemaLocation="http://www.springframework.org/schema/beans http://www.springframework.org/schema/beans/spring-beans.xsd http://www.springframework.org/schema/tx http://www.springframework.org/schema/tx/spring-tx.xsd http://www.springframework.org/schema/aop http://www.springframework.org/schema/aop/spring-aop.xsd http://www.springframework.org/schema/context http://www.springframework.org/schema/context/spring-context.xsd">
    <context:property-placeholder location="classpath:jdbcInfo.properties"/>

    <bean id="dataSource" class="com.mchange.v2.c3p0.ComboPooledDataSource">
        <property name="driverClass" value="${jdbc.driverClass}"/>
        <property name="jdbcUrl" value="${jdbc.jdbcUrl}"/>
        <property name="user" value="${jdbc.user}"/>
        <property name="password" value="${jdbc.password}"/>
    </bean>

    <bean id="sessionFactory" class="org.springframework.orm.hibernate3.LocalSessionFactoryBean">
        <property name="dataSource" ref="dataSource"/>
        <property name="hibernateProperties">
            <props>
                <prop key="hibernate.dialect">org.hibernate.dialect.MySQL5Dialect</prop>
                <prop key="hibernate.show_sql">true</prop>
                <prop key="hibernate.format_sql">true</prop>
                <prop key="hibernate.hbm2ddl.auto">update</prop>
            </props>
        </property>
        <property name="mappingDirectoryLocations">
            <list>
                <value>classpath:EMS/domain</value>
            </list>
        </property>
    </bean>

    <bean id="transactionManager" class="org.springframework.orm.hibernate3.HibernateTransactionManager">
        <property name="sessionFactory" ref="sessionFactory"></property>
    </bean>

    <context:component-scan base-package="EMS"/>
    <context:annotation-config/>
    <!-- 事物注解 -->
    <tx:annotation-driven/>

    <bean id="shiroFilter" class="org.apache.shiro.spring.web.ShiroFilterFactoryBean">
        <property name="securityManager" ref="securityManager"></property>
        <property name="loginUrl" value="/login.jsp"></property>
        <property name="successUrl" value="/index.jsp"></property>
        <property name="unauthorizedUrl" value="/404.html"></property>
        <property name="filterChainDefinitions">
            <value>
                /css/** = anon
                /images/** = anon
                /js/** = anon
                /login.jsp* = anon
                /validatecode.jsp* = anon
                /loginAction.action = anon
                /json/admin.json = perms["qx"]
                /page_teacher_student.action= perms["yz"]
                /* = authc
            </value>
        </property>
    </bean>

    <bean id="bosRealm" class="EMS.shiro.EMSshiro"/>
    <bean id="securityManager" class="org.apache.shiro.web.mgt.DefaultWebSecurityManager">
        <!--  注入上面的realm -->
        <property name="realm" ref="bosRealm"/>
        <!--  注入缓存管理器 -->
        <property name="cacheManager" ref="cacheManager"/>
    </bean>
    <!--  注册缓存管理器 -->
    <bean id="cacheManager" class="org.apache.shiro.cache.ehcache.EhCacheManager">
        <!--  注入ehcache配置文件 -->
        <property name="cacheManagerConfigFile" value="classpath:ehcache.xml"/>
    </bean>
    <!--  开启shiro注解 -->
    <!--  自动代理 -->
    <bean id="defaultAdvisorAutoProxyCreator"
          class="org.springframework.aop.framework.autoproxy.DefaultAdvisorAutoProxyCreator">
        <!--  强制使用cglib为Action创建代理对象 -->
        <property name="proxyTargetClass" value="true"/>
    </bean>
    <!--  切面类 -->
    <bean class="org.apache.shiro.spring.security.interceptor.AuthorizationAttributeSourceAdvisor"/>
</beans>