<?xml version="1.0" encoding="UTF-8"?>
<!DOCTYPE struts PUBLIC
        "-//Apache Software Foundation//DTD Struts Configuration 2.3//EN"
        "http://struts.apache.org/dtds/struts-2.3.dtd">
<struts>
    <constant name="struts.devMode" value="true"/>
    <constant name="struts.objectFactory" value="spring"/>
    <constant name="struts.custom.i18n.resources" value="message"></constant>
    <package name="emsbasestruts2" extends="struts-default" namespace="/">
        <global-results>
            <result name="login">login.jsp</result>
        </global-results>
        <action name="userAction_*" class="userAction" method="{1}">
            <result name="list">index.jsp</result>
        </action>
        <action name="collegeAction_*" class="collegeAction" method="{1}">
            <result name="list">/WEB-INF/pages/base/college.jsp</result>
        </action>
        <action name="specialtyAction_*" class="specialtyAction" method="{1}">
            <result name="list">/WEB-INF/pages/base/specialty.jsp</result>
        </action>
        <action name="classesAction_*" class="classesAction" method="{1}">
            <result name="list">/WEB-INF/pages/base/classes.jsp</result>
            <result name="page">/WEB-INF/pages/base/studentInfo.jsp</result>
        </action>
        <action name="studentAction_*" class="studentAction" method="{1}">
            <result name="list">/WEB-INF/pages/base/studentInfo.jsp</result>
            <result name="teacherlist">/WEB-INF/pages/teacher/course.jsp</result>
            <result name="studentInfo">/WEB-INF/pages/base/studentInfo.jsp</result>
        </action>
        <action name="teacherAction_*" class="teacherAction" method="{1}">
            <result name="list">/WEB-INF/pages/base/teacher.jsp</result>
        </action>
        <action name="courseAction_*" class="courseAction" method="{1}">
            <result name="list">/WEB-INF/pages/base/course.jsp</result>
            <result name="page">/WEB-INF/pages/teacher/score.jsp</result>
        </action>
        <action name="weekAction_*" class="weekAction" method="{1}">
            <result name="list">/WEB-INF/pages/base/teacher.jsp</result>
        </action>
        <action name="sectionAction_*" class="sectionAction" method="{1}">
            <result name="list">/WEB-INF/pages/base/teacher.jsp</result>
        </action>
        <action name="loginAction" class="loginAction" method="login">
            <result name="list">index.jsp</result>
        </action>

        <action name="functionAction_*" class="functionAction" method="{1}">
            <result name="list">/WEB-INF/pages/admin/function.jsp</result>
        </action>

        <action name="roleAction_*" class="roleAction" method="{1}">
            <result name="list">/WEB-INF/pages/admin/role.jsp</result>
        </action>
        <action name="natureAction_*" class="natureAction" method="{1}">
            <result name="list">/WEB-INF/pages/admin/role.jsp</result>
        </action>
        <action name="scoreAction_*" class="scoreAction" method="{1}">
            <result name="list">/WEB-INF/pages/student/course.jsp</result>
            <result name="score">/WEB-INF/pages/teacher/score.jsp</result>
            <result name="findCourse">/WEB-INF/pages/student/schedule.jsp</result>
        </action>
        <action name="page_*_*">
            <result name="success" type="dispatcher">/WEB-INF/pages/{1}/{2}.jsp</result>
        </action>
    </package>
</struts>