<?xml version="1.0" encoding="utf-8"?>
<!DOCTYPE hibernate-mapping PUBLIC "-//Hibernate/Hibernate Mapping DTD 3.0//EN"
        "http://hibernate.sourceforge.net/hibernate-mapping-3.0.dtd">
<!-- 
    Mapping file autogenerated by MyEclipse Persistence Tools
-->
<hibernate-mapping>
    <class name="EMS.domain.Classes" table="t_classes" catalog="new">
        <id name="id" type="java.lang.String">
            <column name="id" length="50"/>
            <generator class="uuid"/>
        </id>
        <many-to-one name="specialty" class="EMS.domain.Specialty" fetch="select" lazy="false">
            <column name="specialty_id" length="50"/>
        </many-to-one>
        <property name="classname" type="java.lang.String">
            <column name="classname" length="30"/>
        </property>
        <set name="students" inverse="true" lazy="false">
            <key>
                <column name="classes_id" length="50"/>
            </key>
            <one-to-many class="EMS.domain.Student"/>
        </set>
    </class>
</hibernate-mapping>
