<?xml version="1.0" encoding="utf-8"?>
<!DOCTYPE hibernate-mapping PUBLIC "-//Hibernate/Hibernate Mapping DTD 3.0//EN"
        "http://hibernate.sourceforge.net/hibernate-mapping-3.0.dtd">
<!-- 
    Mapping file autogenerated by MyEclipse Persistence Tools
-->
<hibernate-mapping>
    <class name="EMS.domain.College" table="t_college">
        <id name="id" type="java.lang.String">
            <column name="id" length="50"/>
            <generator class="assigned"/>
        </id>
        <property name="name" type="java.lang.String">
            <column name="name" length="50"/>
        </property>
        <property name="status" type="java.lang.String">
            <column name="status"/>
        </property>
        <set name="teachers" inverse="true" lazy="false">
            <key>
                <column name="college_id"/>
            </key>
            <one-to-many class="EMS.domain.Teacher"/>
        </set>
        <set name="specialties" inverse="true" lazy="false">
            <key>
                <column name="college_id" length="50"/>
            </key>
            <one-to-many class="EMS.domain.Specialty"/>
        </set>
    </class>
    <query name="college.delete">
        UPDATE College SET status = '1' WHERE id = ?
    </query>
</hibernate-mapping>
