<?xml version="1.0" encoding="utf-8"?>
<!DOCTYPE hibernate-mapping PUBLIC "-//Hibernate/Hibernate Mapping DTD 3.0//EN"
        "http://hibernate.sourceforge.net/hibernate-mapping-3.0.dtd">
<!-- 
    Mapping file autogenerated by MyEclipse Persistence Tools
-->
<hibernate-mapping>
    <class name="EMS.domain.Course" table="t_course" catalog="new">
        <id name="id" type="java.lang.String">
            <column name="id" length="50"/>
            <generator class="uuid"/>
        </id>
        <many-to-one name="teacher" class="EMS.domain.Teacher" fetch="select" lazy="false">
            <column name="teacher_id" length="50"/>
        </many-to-one>
        <many-to-one name="section" class="EMS.domain.Section" fetch="select" lazy="false">
            <column name="section_id" length="50"/>
        </many-to-one>
        <many-to-one name="week" class="EMS.domain.Week" fetch="select" lazy="false">
            <column name="week_id" length="50"/>
        </many-to-one>
        <many-to-one name="nature" class="EMS.domain.Nature" fetch="select" lazy="false">
            <column name="nature_id" length="50"/>
        </many-to-one>
        <property name="name" type="java.lang.String">
            <column name="name" length="50"/>
        </property>
        <property name="credit" type="java.lang.Integer">
            <column name="credit"/>
        </property>
        <property name="classroom" type="java.lang.String">
            <column name="classroom" length="50"/>
        </property>
        <property name="people" type="java.lang.Integer">
            <column name="people"/>
        </property>
        <property name="totalPeople" type="java.lang.Integer">
            <column name="totalPeople"/>
        </property>
        <set name="scores" inverse="true" lazy="false">
            <key>
                <column name="course_id" length="50" not-null="true"/>
            </key>
            <one-to-many class="EMS.domain.Score"/>
        </set>
    </class>
    <query name="course.add">
        UPDATE Course SET people = ? WHERE id = ?
    </query>
</hibernate-mapping>
