<?xml version="1.0" encoding="utf-8"?>
<!DOCTYPE hibernate-mapping PUBLIC "-//Hibernate/Hibernate Mapping DTD 3.0//EN"
        "http://hibernate.sourceforge.net/hibernate-mapping-3.0.dtd">
<!-- 
    Mapping file autogenerated by MyEclipse Persistence Tools
-->
<hibernate-mapping>
    <class name="EMS.domain.Role" table="auth_role" catalog="new">
        <id name="id" type="java.lang.String">
            <column name="id" length="32"/>
            <generator class="uuid"/>
        </id>
        <property name="name" type="java.lang.String">
            <column name="name"/>
        </property>
        <property name="code" type="java.lang.String">
            <column name="code"/>
        </property>
        <property name="description" type="java.lang.String">
            <column name="description"/>
        </property>
        <set name="users" inverse="true" table="user_role" catalog="new">
            <key>
                <column name="role_id" length="32" not-null="true"/>
            </key>
            <many-to-many entity-name="EMS.domain.User">
                <column name="user_id" length="32" not-null="true"/>
            </many-to-many>
        </set>
        <set name="teachers" inverse="true" table="teacher_role" catalog="new">
            <key>
                <column name="role_id" length="32" not-null="true"/>
            </key>
            <many-to-many entity-name="EMS.domain.Teacher">
                <column name="teacher_id" length="32" not-null="true"/>
            </many-to-many>
        </set>
        <set name="students" inverse="true" table="student_role" catalog="new">
            <key>
                <column name="role_id" length="32" not-null="true"/>
            </key>
            <many-to-many entity-name="EMS.domain.Student">
                <column name="student_id" length="32" not-null="true"/>
            </many-to-many>
        </set>
        <set name="functions" table="role_function">
            <key>
                <column name="role_id" length="32" not-null="true"/>
            </key>
            <many-to-many entity-name="EMS.domain.Function">
                <column name="function_id" length="32" not-null="true"/>
            </many-to-many>
        </set>
    </class>
</hibernate-mapping>
