<?xml version="1.0" encoding="utf-8"?>
<!DOCTYPE hibernate-mapping PUBLIC "-//Hibernate/Hibernate Mapping DTD 3.0//EN"
        "http://hibernate.sourceforge.net/hibernate-mapping-3.0.dtd">
<!-- 
    Mapping file autogenerated by MyEclipse Persistence Tools
-->
<hibernate-mapping>
    <class name="EMS.domain.Score" table="t_score" catalog="new">
        <composite-id name="id" class="EMS.domain.ScoreId">
            <key-many-to-one name="student" class="EMS.domain.Student" lazy="false">
                <column name="Student_id" length="50"/>
            </key-many-to-one>
            <key-many-to-one name="course" class="EMS.domain.Course" lazy="false">
                <column name="course_id" length="50"/>
            </key-many-to-one>
        </composite-id>
        <property name="score" type="java.lang.String">
            <column name="score" length="50"/>
        </property>
        <property name="peaceTime" type="java.lang.String">
            <column name="peaceTime" length="50"/>
        </property>
        <property name="endTime" type="java.lang.String">
            <column name="endTime" length="50"/>
        </property>
    </class>
</hibernate-mapping>
