<?xml version="1.0" encoding="utf-8"?>
<!DOCTYPE hibernate-mapping PUBLIC "-//Hibernate/Hibernate Mapping DTD 3.0//EN"
        "http://hibernate.sourceforge.net/hibernate-mapping-3.0.dtd">
<!-- 
    Mapping file autogenerated by MyEclipse Persistence Tools
-->
<hibernate-mapping>
    <class name="EMS.domain.Section" table="t_section" catalog="new">
        <id name="id" type="java.lang.String">
            <column name="id" length="50"/>
            <generator class="assigned"/>
        </id>
        <property name="week" type="java.lang.String">
            <column name="week" length="50"/>
        </property>
        <property name="section" type="java.lang.String">
            <column name="section" length="50"/>
        </property>
        <set name="courses" inverse="true" lazy="false">
            <key>
                <column name="section_id" length="50"/>
            </key>
            <one-to-many class="EMS.domain.Course"/>
        </set>
    </class>
</hibernate-mapping>
