<?xml version="1.0" encoding="utf-8"?>
<!DOCTYPE hibernate-mapping PUBLIC "-//Hibernate/Hibernate Mapping DTD 3.0//EN"
        "http://hibernate.sourceforge.net/hibernate-mapping-3.0.dtd">
<!-- 
    Mapping file autogenerated by MyEclipse Persistence Tools
-->
<hibernate-mapping>
    <class name="EMS.domain.Specialty" table="t_specialty" catalog="new">
        <id name="id" type="java.lang.String">
            <column name="id" length="50"/>
            <generator class="uuid"/>
        </id>
        <many-to-one name="college" class="EMS.domain.College" fetch="select" lazy="false">
            <column name="college_id" length="50"/>
        </many-to-one>
        <property name="name" type="java.lang.String">
            <column name="name" length="50"/>
        </property>
        <property name="status" type="java.lang.String">
            <column name="status"/>
        </property>
        <set name="classeses" inverse="true" lazy="false">
            <key>
                <column name="specialty_id" length="50"/>
            </key>
            <one-to-many class="EMS.domain.Classes"/>
        </set>
    </class>

    <query name="specialty.delete">
        UPDATE Specialty SET status = '1' WHERE id = ?
    </query>
</hibernate-mapping>
