<?xml version="1.0" encoding="utf-8"?>
<!DOCTYPE hibernate-mapping PUBLIC "-//Hibernate/Hibernate Mapping DTD 3.0//EN"
        "http://hibernate.sourceforge.net/hibernate-mapping-3.0.dtd">
<!-- 
    Mapping file autogenerated by MyEclipse Persistence Tools
-->
<hibernate-mapping>
    <class name="EMS.domain.Student" table="t_student" catalog="new">
        <id name="sid" type="java.lang.String">
            <column name="sid" length="50"/>
            <generator class="assigned"/>
        </id>
        <many-to-one name="classes" class="EMS.domain.Classes" fetch="select" lazy="false">
            <column name="classes_id" length="50"/>
        </many-to-one>
        <property name="password" type="java.lang.String">
            <column name="password" length="50"/>
        </property>
        <property name="sname" type="java.lang.String">
            <column name="sname" length="50"/>
        </property>
        <property name="sex" type="java.lang.String">
            <column name="sex" length="50"/>
        </property>
        <property name="scity" type="java.lang.String">
            <column name="scity" length="50"/>
        </property>
        <property name="qx" type="java.lang.String">
            <column name="qx"/>
        </property>
        <property name="absent" type="java.lang.Integer">
            <column name="absent"/>
        </property>
        <set name="scores" inverse="true" lazy="false">
            <key>
                <column name="Student_id" length="50" not-null="true"/>
            </key>
            <one-to-many class="EMS.domain.Score"/>
        </set>
        <set name="roles" table="student_role" catalog="new">
            <key>
                <column name="student_id" length="32" not-null="true"/>
            </key>
            <many-to-many entity-name="EMS.domain.Role">
                <column name="role_id" length="32" not-null="true"/>
            </many-to-many>
        </set>
    </class>
    <query name="student.absent">
        UPDATE Student SET absent = ? WHERE sid = ?
    </query>
</hibernate-mapping>
