<?xml version="1.0" encoding="utf-8"?>
<!DOCTYPE hibernate-mapping PUBLIC "-//Hibernate/Hibernate Mapping DTD 3.0//EN"
        "http://hibernate.sourceforge.net/hibernate-mapping-3.0.dtd">
<!-- 
    Mapping file autogenerated by MyEclipse Persistence Tools
-->
<hibernate-mapping>
    <class name="EMS.domain.Teacher" table="t_teacher" catalog="new">
        <id name="tid" type="java.lang.String">
            <column name="tid" length="50"/>
            <generator class="assigned"/>
        </id>
        <many-to-one name="college" class="EMS.domain.College" fetch="select" lazy="false">
            <column name="college_id" length="50"/>
        </many-to-one>
        <property name="password" type="java.lang.String">
            <column name="password" length="50"/>
        </property>
        <property name="tname" type="java.lang.String">
            <column name="tname" length="50"/>
        </property>
        <property name="tsex" type="java.lang.String">
            <column name="tsex" length="50"/>
        </property>
        <property name="tage" type="java.lang.String">
            <column name="tage" length="50"/>
        </property>
        <property name="qx" type="java.lang.String">
            <column name="qx" length="50"/>
        </property>
        <property name="status" type="java.lang.String">
            <column name="status"/>
        </property>
        <property name="beginTime" type="java.util.Date">
            <column name="beginTime"/>
        </property>
        <property name="salary" type="java.lang.Double">
            <column name="salary"/>
        </property>
        <set name="courses" inverse="true" lazy="false">
            <key>
                <column name="teacher_id" length="50"/>
            </key>
            <one-to-many class="EMS.domain.Course"/>
        </set>
        <set name="roles" table="teacher_role" catalog="new">
            <key>
                <column name="teacher_id" length="32" not-null="true"/>
            </key>
            <many-to-many entity-name="EMS.domain.Role">
                <column name="role_id" length="32" not-null="true"/>
            </many-to-many>
        </set>
    </class>
</hibernate-mapping>
