<?xml version="1.0" encoding="utf-8"?>
<!DOCTYPE hibernate-mapping PUBLIC "-//Hibernate/Hibernate Mapping DTD 3.0//EN"
        "http://hibernate.sourceforge.net/hibernate-mapping-3.0.dtd">
<!-- 
    Mapping file autogenerated by MyEclipse Persistence Tools
-->
<hibernate-mapping>
    <class name="EMS.domain.User" table="t_user" catalog="new">
        <id name="id" type="java.lang.String">
            <column name="id" length="32"/>
            <generator class="assigned"/>
        </id>
        <property name="username" type="java.lang.String">
            <column name="username" length="20"/>
        </property>
        <property name="password" type="java.lang.String">
            <column name="password" length="32"/>
        </property>
        <property name="salary" type="java.lang.Double">
            <column name="salary" precision="22" scale="0"/>
        </property>
        <property name="birthday" type="java.util.Date">
            <column name="birthday" length="0"/>
        </property>
        <property name="gender" type="java.lang.String">
            <column name="gender" length="10"/>
        </property>
        <property name="station" type="java.lang.String">
            <column name="station" length="40"/>
        </property>
        <property name="telephone" type="java.lang.String">
            <column name="telephone" length="11"/>
        </property>
        <property name="remark" type="java.lang.String">
            <column name="remark"/>
        </property>
        <property name="qx" type="java.lang.String">
            <column name="qx"/>
        </property>
        <set name="roles" table="user_role" catalog="new">
            <key>
                <column name="user_id" length="32" not-null="true"/>
            </key>
            <many-to-many entity-name="EMS.domain.Role">
                <column name="role_id" length="32" not-null="true"/>
            </many-to-many>
        </set>
    </class>
    <query name="editpassword">
        UPDATE User set password = ? where id = ?
    </query>
</hibernate-mapping>
