[
	{ "id":"11", "pId":"0", "name":"基础数据"},
	{ "id":"112", "pId":"11", "name":"学院管理",  "page":"page_base_college.action"},
	{ "id":"113", "pId":"11", "name":"专业管理","page":"page_base_specialty.action"},
	{ "id":"114", "pId":"11", "name":"班级管理", "page":"page_base_classes.action"},
	{ "id":"12", "pId":"0", "name":"选课管理"},
	{ "id":"121", "pId":"12", "name":"开设课程信息" ,"page":"page_base_course.action"},
	{ "id":"122", "pId":"12", "name":"选课信息管理" ,"page":"page_base_courseInfo.action"}
]

